held_out_domain,n_test,accuracy,precision_ai,recall_ai
academic,669,0.33183856502242154,0.33183856502242154,1.0
news,657,0.5403348554033486,0.4103139013452915,0.8243243243243243
social,674,0.6706231454005934,0.0,0.0
