param_clf__C,param_clf__class_weight,mean_test_score
0.01,,0.1628762448248853
0.01,balanced,0.39702253960477096
0.1,,0.49100265428810763
0.1,balanced,0.5470151372679255
1.0,,0.5891255564854551
1.0,balanced,0.5726862758437378
10.0,,0.575030332937793
10.0,balanced,0.5983379476744756
