target_precision,threshold,achieved_precision,achieved_recall
0.99,0.47704896621001314,1.0,0.703862660944206
0.95,0.37125592718360645,0.956989247311828,0.7639484978540773
0.9,0.32362757416042454,0.9004739336492891,0.8154506437768241
0.85,0.3176717862320298,0.8609865470852018,0.8240343347639485
0.8,0.2870549360141648,0.8007662835249042,0.8969957081545065
