fold,n_test,accuracy,precision_ai,recall_ai,f1_ai
0,400,0.5725,0.37142857142857144,0.2708333333333333,0.3132530120481928
1,400,0.9175,1.0,0.7105263157894737,0.8307692307692308
2,400,1.0,1.0,1.0,1.0
3,400,0.4225,0.2636363636363636,0.16201117318435754,0.20069204152249134
4,400,1.0,1.0,1.0,1.0
