domain,n,precision_ai,recall_ai
academic,185.0,1.0,0.4939759036144578
news,164.0,0.8863636363636364,1.0
social,221.0,1.0,0.5765765765765766
